training_year,district,trade,sector,allocated_seats,enrolled,completed,placed
2023-24,Hyderabad,Software Developer,IT & Digital,5930,5702,4820,3861
2024-25,Hyderabad,Software Developer,IT & Digital,6230,5986,5065,4058
2025-26,Hyderabad,Software Developer,IT & Digital,6550,6292,5325,4268
2026-27,Hyderabad,Software Developer,IT & Digital,6890,6622,,
2023-24,Hyderabad,Data Entry Operator,IT & Digital,3470,2344,1894,771
2024-25,Hyderabad,Data Entry Operator,IT & Digital,3820,2582,2085,845
2025-26,Hyderabad,Data Entry Operator,IT & Digital,4200,2839,2293,930
2026-27,Hyderabad,Data Entry Operator,IT & Digital,4620,3125,,
2023-24,Hyderabad,Digital Marketing Executive,IT & Digital,1580,1362,1112,703
2024-25,Hyderabad,Digital Marketing Executive,IT & Digital,1620,1397,1139,721
2025-26,Hyderabad,Digital Marketing Executive,IT & Digital,1650,1422,1160,735
2026-27,Hyderabad,Digital Marketing Executive,IT & Digital,1690,1457,,
2023-24,Hyderabad,Healthcare Assistant,Healthcare,2410,2184,1825,1249
2024-25,Hyderabad,Healthcare Assistant,Healthcare,2440,2213,1848,1262
2025-26,Hyderabad,Healthcare Assistant,Healthcare,2470,2240,1871,1278
2026-27,Hyderabad,Healthcare Assistant,Healthcare,2500,2268,,
2023-24,Hyderabad,Phlebotomy Technician,Healthcare,840,721,625,422
2024-25,Hyderabad,Phlebotomy Technician,Healthcare,890,764,663,448
2025-26,Hyderabad,Phlebotomy Technician,Healthcare,940,806,699,472
2026-27,Hyderabad,Phlebotomy Technician,Healthcare,1000,858,,
2023-24,Hyderabad,Welder,Manufacturing,600,484,370,216
2024-25,Hyderabad,Welder,Manufacturing,620,501,384,224
2025-26,Hyderabad,Welder,Manufacturing,650,525,402,234
2026-27,Hyderabad,Welder,Manufacturing,670,541,,
2023-24,Hyderabad,Warehouse Associate,Logistics,2620,2415,2025,1396
2024-25,Hyderabad,Warehouse Associate,Logistics,2770,2551,2141,1477
2025-26,Hyderabad,Warehouse Associate,Logistics,2930,2698,2265,1563
2026-27,Hyderabad,Warehouse Associate,Logistics,3090,2846,,
2023-24,Hyderabad,Logistics Coordinator,Logistics,830,669,546,333
2024-25,Hyderabad,Logistics Coordinator,Logistics,850,686,560,340
2025-26,Hyderabad,Logistics Coordinator,Logistics,860,694,566,344
2026-27,Hyderabad,Logistics Coordinator,Logistics,880,710,,
2023-24,Hyderabad,Electrician,Construction,2360,1954,1566,1012
2024-25,Hyderabad,Electrician,Construction,2400,1986,1590,1029
2025-26,Hyderabad,Electrician,Construction,2450,2027,1622,1049
2026-27,Hyderabad,Electrician,Construction,2500,2068,,
2023-24,Hyderabad,Mason,Construction,1660,1133,780,370
2024-25,Hyderabad,Mason,Construction,1730,1183,814,386
2025-26,Hyderabad,Mason,Construction,1810,1237,852,404
2026-27,Hyderabad,Mason,Construction,1890,1292,,
2023-24,Hyderabad,Retail Sales Associate,Retail,4890,3732,2985,1310
2024-25,Hyderabad,Retail Sales Associate,Retail,5110,3901,3119,1374
2025-26,Hyderabad,Retail Sales Associate,Retail,5330,4070,3254,1432
2026-27,Hyderabad,Retail Sales Associate,Retail,5570,4254,,
2023-24,Hyderabad,Solar Technician,Renewable Energy,660,588,483,335
2024-25,Hyderabad,Solar Technician,Renewable Energy,660,588,483,336
2025-26,Hyderabad,Solar Technician,Renewable Energy,670,597,491,341
2026-27,Hyderabad,Solar Technician,Renewable Energy,670,597,,
2023-24,Rangareddy,Software Developer,IT & Digital,4190,3783,3310,2588
2024-25,Rangareddy,Software Developer,IT & Digital,4250,3838,3357,2630
2025-26,Rangareddy,Software Developer,IT & Digital,4300,3884,3397,2661
2026-27,Rangareddy,Software Developer,IT & Digital,4360,3939,,
2023-24,Rangareddy,Data Entry Operator,IT & Digital,1530,1103,910,400
2024-25,Rangareddy,Data Entry Operator,IT & Digital,1660,1198,989,434
2025-26,Rangareddy,Data Entry Operator,IT & Digital,1800,1299,1072,470
2026-27,Rangareddy,Data Entry Operator,IT & Digital,1960,1414,,
2023-24,Rangareddy,Digital Marketing Executive,IT & Digital,1070,968,763,473
2024-25,Rangareddy,Digital Marketing Executive,IT & Digital,1120,1012,799,495
2025-26,Rangareddy,Digital Marketing Executive,IT & Digital,1170,1058,835,517
2026-27,Rangareddy,Digital Marketing Executive,IT & Digital,1230,1112,,
2023-24,Rangareddy,Healthcare Assistant,Healthcare,1310,1137,953,670
2024-25,Rangareddy,Healthcare Assistant,Healthcare,1330,1155,968,683
2025-26,Rangareddy,Healthcare Assistant,Healthcare,1350,1172,982,692
2026-27,Rangareddy,Healthcare Assistant,Healthcare,1370,1190,,
2023-24,Rangareddy,Phlebotomy Technician,Healthcare,480,436,383,242
2024-25,Rangareddy,Phlebotomy Technician,Healthcare,500,455,400,276
2025-26,Rangareddy,Phlebotomy Technician,Healthcare,530,482,424,292
2026-27,Rangareddy,Phlebotomy Technician,Healthcare,560,509,,
2023-24,Rangareddy,CNC Operator,Manufacturing,710,596,481,319
2024-25,Rangareddy,CNC Operator,Manufacturing,720,605,488,322
2025-26,Rangareddy,CNC Operator,Manufacturing,740,621,501,331
2026-27,Rangareddy,CNC Operator,Manufacturing,750,630,,
2023-24,Rangareddy,Welder,Manufacturing,1010,845,651,364
2024-25,Rangareddy,Welder,Manufacturing,1000,838,645,360
2025-26,Rangareddy,Welder,Manufacturing,1000,838,646,361
2026-27,Rangareddy,Welder,Manufacturing,990,829,,
2023-24,Rangareddy,Warehouse Associate,Logistics,1750,1480,1234,819
2024-25,Rangareddy,Warehouse Associate,Logistics,1870,1580,1317,876
2025-26,Rangareddy,Warehouse Associate,Logistics,2000,1690,1408,936
2026-27,Rangareddy,Warehouse Associate,Logistics,2140,1808,,
2023-24,Rangareddy,Logistics Coordinator,Logistics,660,563,461,288
2024-25,Rangareddy,Logistics Coordinator,Logistics,680,580,474,297
2025-26,Rangareddy,Logistics Coordinator,Logistics,710,606,496,310
2026-27,Rangareddy,Logistics Coordinator,Logistics,730,622,,
2023-24,Rangareddy,Electrician,Construction,1320,1104,883,597
2024-25,Rangareddy,Electrician,Construction,1390,1163,930,628
2025-26,Rangareddy,Electrician,Construction,1460,1221,976,659
2026-27,Rangareddy,Electrician,Construction,1530,1281,,
2023-24,Rangareddy,Mason,Construction,1080,677,469,232
2024-25,Rangareddy,Mason,Construction,1090,682,474,235
2025-26,Rangareddy,Mason,Construction,1110,695,482,238
2026-27,Rangareddy,Mason,Construction,1130,707,,
2023-24,Rangareddy,Retail Sales Associate,Retail,1830,1412,1099,505
2024-25,Rangareddy,Retail Sales Associate,Retail,1970,1521,1183,542
2025-26,Rangareddy,Retail Sales Associate,Retail,2130,1644,1279,586
2026-27,Rangareddy,Retail Sales Associate,Retail,2300,1777,,
2023-24,Rangareddy,Solar Technician,Renewable Energy,760,734,595,437
2024-25,Rangareddy,Solar Technician,Renewable Energy,800,772,626,460
2025-26,Rangareddy,Solar Technician,Renewable Energy,840,811,658,483
2026-27,Rangareddy,Solar Technician,Renewable Energy,890,859,,
2023-24,Warangal,Software Developer,IT & Digital,480,445,384,308
2024-25,Warangal,Software Developer,IT & Digital,500,463,400,322
2025-26,Warangal,Software Developer,IT & Digital,510,473,408,328
2026-27,Warangal,Software Developer,IT & Digital,530,491,,
2023-24,Warangal,Data Entry Operator,IT & Digital,190,123,100,43
2024-25,Warangal,Data Entry Operator,IT & Digital,210,136,110,47
2025-26,Warangal,Data Entry Operator,IT & Digital,220,142,115,49
2026-27,Warangal,Data Entry Operator,IT & Digital,240,155,,
2023-24,Warangal,Healthcare Assistant,Healthcare,490,459,392,281
2024-25,Warangal,Healthcare Assistant,Healthcare,500,468,400,287
2025-26,Warangal,Healthcare Assistant,Healthcare,510,477,407,292
2026-27,Warangal,Healthcare Assistant,Healthcare,520,487,,
2023-24,Warangal,Phlebotomy Technician,Healthcare,210,177,149,98
2024-25,Warangal,Phlebotomy Technician,Healthcare,220,186,157,103
2025-26,Warangal,Phlebotomy Technician,Healthcare,230,194,164,108
2026-27,Warangal,Phlebotomy Technician,Healthcare,240,203,,
2023-24,Warangal,CNC Operator,Manufacturing,220,178,143,90
2024-25,Warangal,CNC Operator,Manufacturing,220,178,143,90
2025-26,Warangal,CNC Operator,Manufacturing,230,186,149,94
2026-27,Warangal,CNC Operator,Manufacturing,230,186,,
2023-24,Warangal,Welder,Manufacturing,210,176,132,75
2024-25,Warangal,Welder,Manufacturing,220,184,138,78
2025-26,Warangal,Welder,Manufacturing,230,192,144,81
2026-27,Warangal,Welder,Manufacturing,240,201,,
2023-24,Warangal,Warehouse Associate,Logistics,560,481,398,278
2024-25,Warangal,Warehouse Associate,Logistics,570,489,404,282
2025-26,Warangal,Warehouse Associate,Logistics,590,506,418,292
2026-27,Warangal,Warehouse Associate,Logistics,600,514,,
2023-24,Warangal,Logistics Coordinator,Logistics,190,160,130,85
2024-25,Warangal,Logistics Coordinator,Logistics,200,169,137,89
2025-26,Warangal,Logistics Coordinator,Logistics,210,177,143,93
2026-27,Warangal,Logistics Coordinator,Logistics,220,185,,
2023-24,Warangal,Electrician,Construction,710,612,491,328
2024-25,Warangal,Electrician,Construction,740,638,512,341
2025-26,Warangal,Electrician,Construction,780,673,540,360
2026-27,Warangal,Electrician,Construction,810,699,,
2023-24,Warangal,Mason,Construction,550,338,238,119
2024-25,Warangal,Mason,Construction,570,349,246,123
2025-26,Warangal,Mason,Construction,580,356,251,125
2026-27,Warangal,Mason,Construction,590,362,,
2023-24,Warangal,Retail Sales Associate,Retail,1000,731,573,247
2024-25,Warangal,Retail Sales Associate,Retail,1030,753,590,289
2025-26,Warangal,Retail Sales Associate,Retail,1070,783,614,301
2026-27,Warangal,Retail Sales Associate,Retail,1100,805,,
2023-24,Warangal,Solar Technician,Renewable Energy,440,414,341,256
2024-25,Warangal,Solar Technician,Renewable Energy,440,414,341,256
2025-26,Warangal,Solar Technician,Renewable Energy,440,414,341,256
2026-27,Warangal,Solar Technician,Renewable Energy,440,414,,
2023-24,Bengaluru Urban,Software Developer,IT & Digital,13770,12841,10877,8524
2024-25,Bengaluru Urban,Software Developer,IT & Digital,14250,13304,11272,8826
2025-26,Bengaluru Urban,Software Developer,IT & Digital,14750,13768,11667,9138
2026-27,Bengaluru Urban,Software Developer,IT & Digital,15270,14251,,
2023-24,Bengaluru Urban,Data Entry Operator,IT & Digital,5120,3743,3032,1224
2024-25,Bengaluru Urban,Data Entry Operator,IT & Digital,5670,4151,3363,1356
2025-26,Bengaluru Urban,Data Entry Operator,IT & Digital,6280,4597,3725,1502
2026-27,Bengaluru Urban,Data Entry Operator,IT & Digital,6960,5093,,
2023-24,Bengaluru Urban,Digital Marketing Executive,IT & Digital,2840,2629,2106,1276
2024-25,Bengaluru Urban,Digital Marketing Executive,IT & Digital,2900,2682,2151,1304
2025-26,Bengaluru Urban,Digital Marketing Executive,IT & Digital,2960,2737,2195,1331
2026-27,Bengaluru Urban,Digital Marketing Executive,IT & Digital,3030,2803,,
2023-24,Bengaluru Urban,Healthcare Assistant,Healthcare,2760,2585,2134,1511
2024-25,Bengaluru Urban,Healthcare Assistant,Healthcare,2870,2688,2216,1572
2025-26,Bengaluru Urban,Healthcare Assistant,Healthcare,2990,2800,2308,1638
2026-27,Bengaluru Urban,Healthcare Assistant,Healthcare,3110,2912,,
2023-24,Bengaluru Urban,Phlebotomy Technician,Healthcare,1210,1054,901,575
2024-25,Bengaluru Urban,Phlebotomy Technician,Healthcare,1280,1117,956,609
2025-26,Bengaluru Urban,Phlebotomy Technician,Healthcare,1360,1186,1015,647
2026-27,Bengaluru Urban,Phlebotomy Technician,Healthcare,1450,1264,,
2023-24,Bengaluru Urban,CNC Operator,Manufacturing,1350,1193,962,640
2024-25,Bengaluru Urban,CNC Operator,Manufacturing,1390,1227,988,658
2025-26,Bengaluru Urban,CNC Operator,Manufacturing,1440,1272,1025,682
2026-27,Bengaluru Urban,CNC Operator,Manufacturing,1490,1315,,
2023-24,Bengaluru Urban,Welder,Manufacturing,1720,1405,1078,617
2024-25,Bengaluru Urban,Welder,Manufacturing,1720,1405,1078,619
2025-26,Bengaluru Urban,Welder,Manufacturing,1720,1406,1078,619
2026-27,Bengaluru Urban,Welder,Manufacturing,1720,1406,,
2023-24,Bengaluru Urban,Warehouse Associate,Logistics,2960,2421,2003,1373
2024-25,Bengaluru Urban,Warehouse Associate,Logistics,3060,2502,2067,1419
2025-26,Bengaluru Urban,Warehouse Associate,Logistics,3170,2592,2142,1471
2026-27,Bengaluru Urban,Warehouse Associate,Logistics,3280,2812,,
2023-24,Bengaluru Urban,Logistics Coordinator,Logistics,990,778,622,405
2024-25,Bengaluru Urban,Logistics Coordinator,Logistics,1040,819,655,426
2025-26,Bengaluru Urban,Logistics Coordinator,Logistics,1080,850,680,442
2026-27,Bengaluru Urban,Logistics Coordinator,Logistics,1130,889,,
2023-24,Bengaluru Urban,Electrician,Construction,3440,2958,2391,1605
2024-25,Bengaluru Urban,Electrician,Construction,3520,3027,2446,1646
2025-26,Bengaluru Urban,Electrician,Construction,3610,2961,2392,1609
2026-27,Bengaluru Urban,Electrician,Construction,3690,3027,,
2023-24,Bengaluru Urban,Mason,Construction,2780,1863,1273,629
2024-25,Bengaluru Urban,Mason,Construction,2940,1971,1345,662
2025-26,Bengaluru Urban,Mason,Construction,3110,2085,1424,701
2026-27,Bengaluru Urban,Mason,Construction,3280,2201,,
2023-24,Bengaluru Urban,Retail Sales Associate,Retail,6840,4852,3777,1639
2024-25,Bengaluru Urban,Retail Sales Associate,Retail,7350,5219,4065,1759
2025-26,Bengaluru Urban,Retail Sales Associate,Retail,7890,5604,4364,1887
2026-27,Bengaluru Urban,Retail Sales Associate,Retail,8470,6012,,
2023-24,Bengaluru Urban,Solar Technician,Renewable Energy,1180,1140,925,661
2024-25,Bengaluru Urban,Solar Technician,Renewable Energy,1180,1140,923,661
2025-26,Bengaluru Urban,Solar Technician,Renewable Energy,1190,1150,932,668
2026-27,Bengaluru Urban,Solar Technician,Renewable Energy,1190,1149,,
2023-24,Bengaluru Urban,Wind Turbine Technician,Renewable Energy,540,434,341,226
2024-25,Bengaluru Urban,Wind Turbine Technician,Renewable Energy,560,450,354,235
2025-26,Bengaluru Urban,Wind Turbine Technician,Renewable Energy,580,466,367,243
2026-27,Bengaluru Urban,Wind Turbine Technician,Renewable Energy,600,482,,
2023-24,Mysuru,Software Developer,IT & Digital,1060,966,843,666
2024-25,Mysuru,Software Developer,IT & Digital,1070,975,851,674
2025-26,Mysuru,Software Developer,IT & Digital,1090,994,868,687
2026-27,Mysuru,Software Developer,IT & Digital,1100,1003,,
2023-24,Mysuru,Data Entry Operator,IT & Digital,390,283,235,99
2024-25,Mysuru,Data Entry Operator,IT & Digital,430,313,260,109
2025-26,Mysuru,Data Entry Operator,IT & Digital,470,342,284,119
2026-27,Mysuru,Data Entry Operator,IT & Digital,510,371,,
2023-24,Mysuru,Digital Marketing Executive,IT & Digital,240,211,166,107
2024-25,Mysuru,Digital Marketing Executive,IT & Digital,250,220,173,111
2025-26,Mysuru,Digital Marketing Executive,IT & Digital,250,220,173,111
2026-27,Mysuru,Digital Marketing Executive,IT & Digital,260,229,,
2023-24,Mysuru,Healthcare Assistant,Healthcare,780,703,581,402
2024-25,Mysuru,Healthcare Assistant,Healthcare,810,730,603,418
2025-26,Mysuru,Healthcare Assistant,Healthcare,840,758,626,434
2026-27,Mysuru,Healthcare Assistant,Healthcare,870,785,,
2023-24,Mysuru,Phlebotomy Technician,Healthcare,250,208,181,123
2024-25,Mysuru,Phlebotomy Technician,Healthcare,260,217,189,128
2025-26,Mysuru,Phlebotomy Technician,Healthcare,270,225,196,133
2026-27,Mysuru,Phlebotomy Technician,Healthcare,280,233,,
2023-24,Mysuru,CNC Operator,Manufacturing,530,457,359,240
2024-25,Mysuru,CNC Operator,Manufacturing,530,457,358,239
2025-26,Mysuru,CNC Operator,Manufacturing,530,457,358,239
2026-27,Mysuru,CNC Operator,Manufacturing,530,457,,
2023-24,Mysuru,Welder,Manufacturing,500,391,303,170
2024-25,Mysuru,Welder,Manufacturing,500,392,304,170
2025-26,Mysuru,Welder,Manufacturing,490,384,298,167
2026-27,Mysuru,Welder,Manufacturing,490,384,,
2023-24,Mysuru,Warehouse Associate,Logistics,750,638,536,379
2024-25,Mysuru,Warehouse Associate,Logistics,800,681,571,404
2025-26,Mysuru,Warehouse Associate,Logistics,860,732,614,434
2026-27,Mysuru,Warehouse Associate,Logistics,920,783,,
2023-24,Mysuru,Logistics Coordinator,Logistics,260,202,164,100
2024-25,Mysuru,Logistics Coordinator,Logistics,270,210,170,104
2025-26,Mysuru,Logistics Coordinator,Logistics,270,210,170,104
2026-27,Mysuru,Logistics Coordinator,Logistics,280,218,,
2023-24,Mysuru,Electrician,Construction,730,636,497,320
2024-25,Mysuru,Electrician,Construction,770,672,525,337
2025-26,Mysuru,Electrician,Construction,810,706,551,354
2026-27,Mysuru,Electrician,Construction,850,742,,
2023-24,Mysuru,Mason,Construction,540,348,250,126
2024-25,Mysuru,Mason,Construction,550,354,255,128
2025-26,Mysuru,Mason,Construction,550,354,255,128
2026-27,Mysuru,Mason,Construction,550,354,,
2023-24,Mysuru,Retail Sales Associate,Retail,980,733,593,260
2024-25,Mysuru,Retail Sales Associate,Retail,1050,786,636,278
2025-26,Mysuru,Retail Sales Associate,Retail,1130,846,684,299
2026-27,Mysuru,Retail Sales Associate,Retail,1220,913,,
2023-24,Mysuru,Solar Technician,Renewable Energy,360,321,264,191
2024-25,Mysuru,Solar Technician,Renewable Energy,360,321,265,192
2025-26,Mysuru,Solar Technician,Renewable Energy,370,330,272,197
2026-27,Mysuru,Solar Technician,Renewable Energy,380,339,,
2023-24,Mysuru,Wind Turbine Technician,Renewable Energy,150,124,100,66
2024-25,Mysuru,Wind Turbine Technician,Renewable Energy,150,124,100,66
2025-26,Mysuru,Wind Turbine Technician,Renewable Energy,160,132,107,70
2026-27,Mysuru,Wind Turbine Technician,Renewable Energy,160,132,,
2023-24,Pune,Software Developer,IT & Digital,7100,6382,5460,4153
2024-25,Pune,Software Developer,IT & Digital,7380,6627,5675,4318
2025-26,Pune,Software Developer,IT & Digital,7660,6878,5891,4483
2026-27,Pune,Software Developer,IT & Digital,7960,7151,,
2023-24,Pune,Data Entry Operator,IT & Digital,2820,2054,1722,659
2024-25,Pune,Data Entry Operator,IT & Digital,3060,2231,1869,712
2025-26,Pune,Data Entry Operator,IT & Digital,3320,2420,2028,773
2026-27,Pune,Data Entry Operator,IT & Digital,3600,2625,,
2023-24,Pune,Digital Marketing Executive,IT & Digital,1420,1282,1009,610
2024-25,Pune,Digital Marketing Executive,IT & Digital,1440,1300,1022,619
2025-26,Pune,Digital Marketing Executive,IT & Digital,1450,1309,1029,624
2026-27,Pune,Digital Marketing Executive,IT & Digital,1470,1326,,
2023-24,Pune,Healthcare Assistant,Healthcare,2180,2010,1667,1198
2024-25,Pune,Healthcare Assistant,Healthcare,2300,2122,1759,1261
2025-26,Pune,Healthcare Assistant,Healthcare,2430,2241,1858,1332
2026-27,Pune,Healthcare Assistant,Healthcare,2570,2371,,
2023-24,Pune,Phlebotomy Technician,Healthcare,590,489,426,281
2024-25,Pune,Phlebotomy Technician,Healthcare,630,521,454,299
2025-26,Pune,Phlebotomy Technician,Healthcare,680,562,490,323
2026-27,Pune,Phlebotomy Technician,Healthcare,730,604,,
2023-24,Pune,CNC Operator,Manufacturing,2290,1927,1525,955
2024-25,Pune,CNC Operator,Manufacturing,2300,1933,1532,959
2025-26,Pune,CNC Operator,Manufacturing,2300,1933,1532,959
2026-27,Pune,CNC Operator,Manufacturing,2310,1942,,
2023-24,Pune,Welder,Manufacturing,2020,1536,1147,668
2024-25,Pune,Welder,Manufacturing,2120,1614,1206,701
2025-26,Pune,Welder,Manufacturing,2220,1690,1263,734
2026-27,Pune,Welder,Manufacturing,2320,1765,,
2023-24,Pune,Warehouse Associate,Logistics,2460,2028,1700,1170
2024-25,Pune,Warehouse Associate,Logistics,2640,2174,1824,1256
2025-26,Pune,Warehouse Associate,Logistics,2830,2330,1956,1347
2026-27,Pune,Warehouse Associate,Logistics,3040,2504,,
2023-24,Pune,Logistics Coordinator,Logistics,920,735,589,368
2024-25,Pune,Logistics Coordinator,Logistics,970,775,621,387
2025-26,Pune,Logistics Coordinator,Logistics,1030,823,659,411
2026-27,Pune,Logistics Coordinator,Logistics,1090,871,,
2023-24,Pune,Electrician,Construction,2150,1854,1448,905
2024-25,Pune,Electrician,Construction,2290,1974,1540,963
2025-26,Pune,Electrician,Construction,2430,2095,1634,1022
2026-27,Pune,Electrician,Construction,2590,2232,,
2023-24,Pune,Mason,Construction,2030,1425,972,453
2024-25,Pune,Mason,Construction,2050,1441,983,458
2025-26,Pune,Mason,Construction,2080,1462,998,465
2026-27,Pune,Mason,Construction,2100,1476,,
2023-24,Pune,Retail Sales Associate,Retail,3640,2786,2198,977
2024-25,Pune,Retail Sales Associate,Retail,3760,2879,2271,1013
2025-26,Pune,Retail Sales Associate,Retail,3880,2971,2343,1044
2026-27,Pune,Retail Sales Associate,Retail,4010,3072,,
2023-24,Pune,Solar Technician,Renewable Energy,870,833,699,488
2024-25,Pune,Solar Technician,Renewable Energy,880,842,674,471
2025-26,Pune,Solar Technician,Renewable Energy,880,842,674,471
2026-27,Pune,Solar Technician,Renewable Energy,890,852,,
2023-24,Pune,Wind Turbine Technician,Renewable Energy,330,285,231,148
2024-25,Pune,Wind Turbine Technician,Renewable Energy,340,293,237,152
2025-26,Pune,Wind Turbine Technician,Renewable Energy,360,311,252,162
2026-27,Pune,Wind Turbine Technician,Renewable Energy,380,328,,
2023-24,Nagpur,Software Developer,IT & Digital,1280,1251,1055,850
2024-25,Nagpur,Software Developer,IT & Digital,1360,1329,1120,904
2025-26,Nagpur,Software Developer,IT & Digital,1450,1417,1193,962
2026-27,Nagpur,Software Developer,IT & Digital,1540,1505,,
2023-24,Nagpur,Data Entry Operator,IT & Digital,640,443,365,142
2024-25,Nagpur,Data Entry Operator,IT & Digital,680,470,387,151
2025-26,Nagpur,Data Entry Operator,IT & Digital,720,498,410,160
2026-27,Nagpur,Data Entry Operator,IT & Digital,760,526,,
2023-24,Nagpur,Digital Marketing Executive,IT & Digital,260,221,177,105
2024-25,Nagpur,Digital Marketing Executive,IT & Digital,270,229,184,109
2025-26,Nagpur,Digital Marketing Executive,IT & Digital,280,238,191,113
2026-27,Nagpur,Digital Marketing Executive,IT & Digital,290,246,,
2023-24,Nagpur,Healthcare Assistant,Healthcare,1230,1125,949,649
2024-25,Nagpur,Healthcare Assistant,Healthcare,1270,1161,979,670
2025-26,Nagpur,Healthcare Assistant,Healthcare,1320,1207,1018,697
2026-27,Nagpur,Healthcare Assistant,Healthcare,1360,1243,,
2023-24,Nagpur,Phlebotomy Technician,Healthcare,420,362,308,207
2024-25,Nagpur,Phlebotomy Technician,Healthcare,450,388,330,223
2025-26,Nagpur,Phlebotomy Technician,Healthcare,470,405,344,232
2026-27,Nagpur,Phlebotomy Technician,Healthcare,490,423,,
2023-24,Nagpur,CNC Operator,Manufacturing,440,388,304,194
2024-25,Nagpur,CNC Operator,Manufacturing,440,388,304,193
2025-26,Nagpur,CNC Operator,Manufacturing,450,397,311,198
2026-27,Nagpur,CNC Operator,Manufacturing,450,397,,
2023-24,Nagpur,Welder,Manufacturing,420,351,264,151
2024-25,Nagpur,Welder,Manufacturing,430,360,271,155
2025-26,Nagpur,Welder,Manufacturing,450,376,283,162
2026-27,Nagpur,Welder,Manufacturing,460,385,,
2023-24,Nagpur,Warehouse Associate,Logistics,1570,1381,1162,767
2024-25,Nagpur,Warehouse Associate,Logistics,1690,1486,1250,827
2025-26,Nagpur,Warehouse Associate,Logistics,1810,1592,1339,886
2026-27,Nagpur,Warehouse Associate,Logistics,1950,1716,,
2023-24,Nagpur,Logistics Coordinator,Logistics,560,448,362,222
2024-25,Nagpur,Logistics Coordinator,Logistics,600,480,388,239
2025-26,Nagpur,Logistics Coordinator,Logistics,640,512,413,254
2026-27,Nagpur,Logistics Coordinator,Logistics,680,544,,
2023-24,Nagpur,Electrician,Construction,1270,1091,879,594
2024-25,Nagpur,Electrician,Construction,1300,1118,901,608
2025-26,Nagpur,Electrician,Construction,1340,1152,929,627
2026-27,Nagpur,Electrician,Construction,1380,1186,,
2023-24,Nagpur,Mason,Construction,950,623,445,201
2024-25,Nagpur,Mason,Construction,970,637,455,205
2025-26,Nagpur,Mason,Construction,990,650,464,209
2026-27,Nagpur,Mason,Construction,1010,663,,
2023-24,Nagpur,Retail Sales Associate,Retail,1910,1437,1126,551
2024-25,Nagpur,Retail Sales Associate,Retail,1990,1500,1175,574
2025-26,Nagpur,Retail Sales Associate,Retail,2070,1560,1223,598
2026-27,Nagpur,Retail Sales Associate,Retail,2160,1627,,
2023-24,Nagpur,Solar Technician,Renewable Energy,510,473,390,281
2024-25,Nagpur,Solar Technician,Renewable Energy,540,501,412,297
2025-26,Nagpur,Solar Technician,Renewable Energy,570,529,435,314
2026-27,Nagpur,Solar Technician,Renewable Energy,600,556,,
2026-27,Nagpur,Wind Turbine Technician,Renewable Energy,180,141,,
